{"cameraMode":{"drawMode":0,"name":"Shaded","section":"Shading Mode"},"sceneLighting":true,"audioPlay":false,"sceneViewState":{"m_AlwaysRefresh":false,"showFog":true,"showSkybox":true,"showFlares":true,"showImageEffects":true,"showParticleSystems":true,"showVisualEffectGraphs":true,"m_FxEnabled":true},"in2DMode":false,"pivot":{"x":1.2726192474365235,"y":1.3992514610290528,"z":3.4909095764160158},"rotation":{"x":-0.10194199532270432,"y":-0.060546621680259708,"z":0.006216464564204216,"w":-0.9929276704788208},"size":10.407719612121582,"orthographic":false}